Text,Image
urn:cts:greekLit:tlg0012.tlg001.msA:24.105,"urn:cite:hmt:vaimg.VA313RN-0483@0.222,0.1832,0.427,0.0338"
urn:cts:greekLit:tlg0012.tlg001.msA:24.106,"urn:cite:hmt:vaimg.VA313RN-0483@0.226,0.2095,0.418,0.0278"
urn:cts:greekLit:tlg0012.tlg001.msA:24.107,"urn:cite:hmt:vaimg.VA313RN-0483@0.223,0.229,0.403,0.0225"
urn:cts:greekLit:tlg0012.tlg001.msA:24.108,"urn:cite:hmt:vaimg.VA313RN-0483@0.219,0.2485,0.438,0.0278"
urn:cts:greekLit:tlg0012.tlg001.msA:24.109,"urn:cite:hmt:vaimg.VA313RN-0483@0.229,0.2643,0.41,0.0293"
urn:cts:greekLit:tlg0012.tlg001.msA:24.110,"urn:cite:hmt:vaimg.VA313RN-0483@0.217,0.283,0.392,0.0263"
urn:cts:greekLit:tlg0012.tlg001.msA:24.111,"urn:cite:hmt:vaimg.VA313RN-0483@0.221,0.3056,0.429,0.0263"
urn:cts:greekLit:tlg0012.tlg001.msA:24.112,"urn:cite:hmt:vaimg.VA313RN-0483@0.228,0.3228,0.408,0.03"
urn:cts:greekLit:tlg0012.tlg001.msA:24.113,"urn:cite:hmt:vaimg.VA313RN-0483@0.223,0.3416,0.412,0.0285"
urn:cts:greekLit:tlg0012.tlg001.msA:24.114,"urn:cite:hmt:vaimg.VA313RN-0483@0.221,0.3589,0.439,0.0278"
urn:cts:greekLit:tlg0012.tlg001.msA:24.115,"urn:cite:hmt:vaimg.VA313RN-0483@0.22,0.3806,0.436,0.0263"
urn:cts:greekLit:tlg0012.tlg001.msA:24.116,"urn:cite:hmt:vaimg.VA313RN-0483@0.22,0.3979,0.429,0.0285"
urn:cts:greekLit:tlg0012.tlg001.msA:24.117,"urn:cite:hmt:vaimg.VA313RN-0483@0.219,0.4182,0.406,0.0285"
urn:cts:greekLit:tlg0012.tlg001.msA:24.118,"urn:cite:hmt:vaimg.VA313RN-0483@0.219,0.4377,0.413,0.0255"
urn:cts:greekLit:tlg0012.tlg001.msA:24.119,"urn:cite:hmt:vaimg.VA313RN-0483@0.219,0.4565,0.427,0.0263"
urn:cts:greekLit:tlg0012.tlg001.msA:24.120,"urn:cite:hmt:vaimg.VA313RN-0483@0.209,0.4737,0.446,0.03"
urn:cts:greekLit:tlg0012.tlg001.msA:24.121,"urn:cite:hmt:vaimg.VA313RN-0483@0.22,0.4932,0.382,0.0293"
urn:cts:greekLit:tlg0012.tlg001.msA:24.122,"urn:cite:hmt:vaimg.VA313RN-0483@0.217,0.5128,0.39,0.0285"
urn:cts:greekLit:tlg0012.tlg001.msA:24.123,"urn:cite:hmt:vaimg.VA313RN-0483@0.221,0.5338,0.415,0.0285"
urn:cts:greekLit:tlg0012.tlg001.msA:24.124,"urn:cite:hmt:vaimg.VA313RN-0483@0.219,0.5533,0.419,0.0263"
urn:cts:greekLit:tlg0012.tlg001.msA:24.125,"urn:cite:hmt:vaimg.VA313RN-0483@0.221,0.5728,0.43,0.0285"
urn:cts:greekLit:tlg0012.tlg001.msA:24.126,"urn:cite:hmt:vaimg.VA313RN-0483@0.218,0.5886,0.41,0.0285"
urn:cts:greekLit:tlg0012.tlg001.msA:24.127,"urn:cite:hmt:vaimg.VA313RN-0483@0.214,0.6074,0.46,0.0308"
urn:cts:greekLit:tlg0012.tlg001.msA:24.128,"urn:cite:hmt:vaimg.VA313RN-0483@0.21,0.6284,0.463,0.0278"
urn:cts:greekLit:tlg0012.tlg001.msA:24.129,"urn:cite:hmt:vaimg.VA313RN-0483@0.208,0.6441,0.455,0.033"
urn:cts:greekLit:tlg0012.tlg001.msA:24.130,"urn:cite:hmt:vaimg.VA313VN-0815@0.474,0.2237,0.395,0.0255"
urn:cts:greekLit:tlg0012.tlg001.msA:24.131,"urn:cite:hmt:vaimg.VA313VN-0815@0.472,0.2485,0.395,0.0255"
urn:cts:greekLit:tlg0012.tlg001.msA:24.132,"urn:cite:hmt:vaimg.VA313VN-0815@0.471,0.2643,0.404,0.0285"
urn:cts:greekLit:tlg0012.tlg001.msA:24.133,"urn:cite:hmt:vaimg.VA313VN-0815@0.467,0.286,0.412,0.024"
urn:cts:greekLit:tlg0012.tlg001.msA:24.134,"urn:cite:hmt:vaimg.VA313VN-0815@0.47,0.3018,0.392,0.0263"
urn:cts:greekLit:tlg0012.tlg001.msA:24.135,"urn:cite:hmt:vaimg.VA313VN-0815@0.47,0.3228,0.426,0.027"
urn:cts:greekLit:tlg0012.tlg001.msA:24.136,"urn:cite:hmt:vaimg.VA313VN-0815@0.472,0.3401,0.432,0.027"
urn:cts:greekLit:tlg0012.tlg001.msA:24.137,"urn:cite:hmt:vaimg.VA313VN-0815@0.467,0.3596,0.364,0.027"
urn:cts:greekLit:tlg0012.tlg001.msA:24.138,"urn:cite:hmt:vaimg.VA313VN-0815@0.464,0.3776,0.441,0.027"
urn:cts:greekLit:tlg0012.tlg001.msA:24.139,"urn:cite:hmt:vaimg.VA313VN-0815@0.465,0.3994,0.415,0.027"
urn:cts:greekLit:tlg0012.tlg001.msA:24.140,"urn:cite:hmt:vaimg.VA313VN-0815@0.47,0.4197,0.415,0.0255"
urn:cts:greekLit:tlg0012.tlg001.msA:24.141,"urn:cite:hmt:vaimg.VA313VN-0815@0.465,0.4384,0.363,0.0263"
urn:cts:greekLit:tlg0012.tlg001.msA:24.142,"urn:cite:hmt:vaimg.VA313VN-0815@0.467,0.4572,0.402,0.0263"
urn:cts:greekLit:tlg0012.tlg001.msA:24.143,"urn:cite:hmt:vaimg.VA313VN-0815@0.47,0.476,0.375,0.0263"
urn:cts:greekLit:tlg0012.tlg001.msA:24.144,"urn:cite:hmt:vaimg.VA313VN-0815@0.47,0.494,0.404,0.0263"
urn:cts:greekLit:tlg0012.tlg001.msA:24.145,"urn:cite:hmt:vaimg.VA313VN-0815@0.465,0.5105,0.38,0.0285"
urn:cts:greekLit:tlg0012.tlg001.msA:24.146,"urn:cite:hmt:vaimg.VA313VN-0815@0.463,0.5285,0.399,0.0285"
urn:cts:greekLit:tlg0012.tlg001.msA:24.147,"urn:cite:hmt:vaimg.VA313VN-0815@0.462,0.5488,0.422,0.0285"
urn:cts:greekLit:tlg0012.tlg001.msA:24.149,"urn:cite:hmt:vaimg.VA313VN-0815@0.472,0.5683,0.377,0.0285"
urn:cts:greekLit:tlg0012.tlg001.msA:24.150,"urn:cite:hmt:vaimg.VA313VN-0815@0.473,0.5886,0.396,0.0308"
urn:cts:greekLit:tlg0012.tlg001.msA:24.151,"urn:cite:hmt:vaimg.VA313VN-0815@0.467,0.6261,0.417,0.0285"
urn:cts:greekLit:tlg0012.tlg001.msA:24.152,"urn:cite:hmt:vaimg.VA313VN-0815@0.469,0.6434,0.417,0.0255"
urn:cts:greekLit:tlg0012.tlg001.msA:24.153,"urn:cite:hmt:vaimg.VA313VN-0815@0.466,0.6614,0.401,0.0255"
urn:cts:greekLit:tlg0012.tlg001.msA:24.154,"urn:cite:hmt:vaimg.VA313VN-0815@0.464,0.6772,0.401,0.039"
urn:cts:greekLit:tlg0012.tlg001.msA:24.155,"urn:cite:hmt:vaimg.VA314RN-0484@0.229,0.1862,0.42,0.0323"
urn:cts:greekLit:tlg0012.tlg001.msA:24.156,"urn:cite:hmt:vaimg.VA314RN-0484@0.223,0.211,0.431,0.0263"
urn:cts:greekLit:tlg0012.tlg001.msA:24.157,"urn:cite:hmt:vaimg.VA314RN-0484@0.224,0.2327,0.437,0.024"
urn:cts:greekLit:tlg0012.tlg001.msA:24.158,"urn:cite:hmt:vaimg.VA314RN-0484@0.219,0.2508,0.455,0.0233"
urn:cts:greekLit:tlg0012.tlg001.msA:24.159,"urn:cite:hmt:vaimg.VA314RN-0484@0.221,0.268,0.433,0.0248"
urn:cts:greekLit:tlg0012.tlg001.msA:24.160,"urn:cite:hmt:vaimg.VA314RN-0484@0.226,0.2845,0.441,0.0255"
urn:cts:greekLit:tlg0012.tlg001.msA:24.161,"urn:cite:hmt:vaimg.VA314RN-0484@0.223,0.3056,0.462,0.0233"
urn:cts:greekLit:tlg0012.tlg001.msA:24.162,"urn:cite:hmt:vaimg.VA314RN-0484@0.221,0.3228,0.458,0.0255"
urn:cts:greekLit:tlg0012.tlg001.msA:24.163,"urn:cite:hmt:vaimg.VA314RN-0484@0.219,0.3431,0.472,0.0248"
urn:cts:greekLit:tlg0012.tlg001.msA:24.164,"urn:cite:hmt:vaimg.VA314RN-0484@0.221,0.3626,0.468,0.027"
urn:cts:greekLit:tlg0012.tlg001.msA:24.165,"urn:cite:hmt:vaimg.VA314RN-0484@0.221,0.3829,0.461,0.0203"
urn:cts:greekLit:tlg0012.tlg001.msA:24.166,"urn:cite:hmt:vaimg.VA314RN-0484@0.222,0.4002,0.421,0.027"
urn:cts:greekLit:tlg0012.tlg001.msA:24.167,"urn:cite:hmt:vaimg.VA314RN-0484@0.22,0.4204,0.442,0.0255"
urn:cts:greekLit:tlg0012.tlg001.msA:24.168,"urn:cite:hmt:vaimg.VA314RN-0484@0.219,0.4414,0.428,0.0248"
urn:cts:greekLit:tlg0012.tlg001.msA:24.169,"urn:cite:hmt:vaimg.VA314RN-0484@0.227,0.4602,0.444,0.0225"
urn:cts:greekLit:tlg0012.tlg001.msA:24.170,"urn:cite:hmt:vaimg.VA314RN-0484@0.22,0.4797,0.454,0.0233"
urn:cts:greekLit:tlg0012.tlg001.msA:24.171,"urn:cite:hmt:vaimg.VA314RN-0484@0.221,0.5,0.45,0.024"
urn:cts:greekLit:tlg0012.tlg001.msA:24.172,"urn:cite:hmt:vaimg.VA314RN-0484@0.226,0.5165,0.431,0.0285"
urn:cts:greekLit:tlg0012.tlg001.msA:24.173,"urn:cite:hmt:vaimg.VA314RN-0484@0.219,0.533,0.421,0.0285"
urn:cts:greekLit:tlg0012.tlg001.msA:24.174,"urn:cite:hmt:vaimg.VA314RN-0484@0.219,0.5541,0.438,0.0285"
urn:cts:greekLit:tlg0012.tlg001.msA:24.175,"urn:cite:hmt:vaimg.VA314RN-0484@0.211,0.5743,0.438,0.027"
urn:cts:greekLit:tlg0012.tlg001.msA:24.176,"urn:cite:hmt:vaimg.VA314RN-0484@0.223,0.5923,0.438,0.0248"
urn:cts:greekLit:tlg0012.tlg001.msA:24.177,"urn:cite:hmt:vaimg.VA314RN-0484@0.218,0.6089,0.39,0.0278"
urn:cts:greekLit:tlg0012.tlg001.msA:24.178,"urn:cite:hmt:vaimg.VA314RN-0484@0.224,0.6291,0.428,0.0278"
urn:cts:greekLit:tlg0012.tlg001.msA:24.179,"urn:cite:hmt:vaimg.VA314RN-0484@0.221,0.6471,0.428,0.0315"
urn:cts:greekLit:tlg0012.tlg001.msA:24.180,"urn:cite:hmt:vaimg.VA314VN-0816@0.457,0.226,0.452,0.0285"
urn:cts:greekLit:tlg0012.tlg001.msA:24.181,"urn:cite:hmt:vaimg.VA314VN-0816@0.459,0.2508,0.445,0.0255"
urn:cts:greekLit:tlg0012.tlg001.msA:24.182,"urn:cite:hmt:vaimg.VA314VN-0816@0.457,0.268,0.415,0.0293"
urn:cts:greekLit:tlg0012.tlg001.msA:24.183,"urn:cite:hmt:vaimg.VA314VN-0816@0.463,0.2875,0.397,0.0263"
urn:cts:greekLit:tlg0012.tlg001.msA:24.184,"urn:cite:hmt:vaimg.VA314VN-0816@0.457,0.3056,0.402,0.0263"
urn:cts:greekLit:tlg0012.tlg001.msA:24.185,"urn:cite:hmt:vaimg.VA314VN-0816@0.459,0.3243,0.446,0.027"
urn:cts:greekLit:tlg0012.tlg001.msA:24.186,"urn:cite:hmt:vaimg.VA314VN-0816@0.462,0.3416,0.422,0.027"
urn:cts:greekLit:tlg0012.tlg001.msA:24.187,"urn:cite:hmt:vaimg.VA314VN-0816@0.456,0.3596,0.459,0.0293"
urn:cts:greekLit:tlg0012.tlg001.msA:24.188,"urn:cite:hmt:vaimg.VA314VN-0816@0.455,0.3806,0.44,0.0248"
urn:cts:greekLit:tlg0012.tlg001.msA:24.189,"urn:cite:hmt:vaimg.VA314VN-0816@0.453,0.4017,0.44,0.0248"
urn:cts:greekLit:tlg0012.tlg001.msA:24.190,"urn:cite:hmt:vaimg.VA314VN-0816@0.454,0.4197,0.44,0.0248"
urn:cts:greekLit:tlg0012.tlg001.msA:24.191,"urn:cite:hmt:vaimg.VA314VN-0816@0.452,0.4392,0.44,0.0248"
urn:cts:greekLit:tlg0012.tlg001.msA:24.192,"urn:cite:hmt:vaimg.VA314VN-0816@0.456,0.4587,0.45,0.0248"
urn:cts:greekLit:tlg0012.tlg001.msA:24.193,"urn:cite:hmt:vaimg.VA314VN-0816@0.455,0.4767,0.45,0.0248"
urn:cts:greekLit:tlg0012.tlg001.msA:24.194,"urn:cite:hmt:vaimg.VA314VN-0816@0.457,0.4962,0.45,0.0248"
urn:cts:greekLit:tlg0012.tlg001.msA:24.195,"urn:cite:hmt:vaimg.VA314VN-0816@0.457,0.5143,0.45,0.0248"
urn:cts:greekLit:tlg0012.tlg001.msA:24.196,"urn:cite:hmt:vaimg.VA314VN-0816@0.457,0.5345,0.45,0.0248"
urn:cts:greekLit:tlg0012.tlg001.msA:24.197,"urn:cite:hmt:vaimg.VA314VN-0816@0.457,0.5541,0.45,0.0248"
urn:cts:greekLit:tlg0012.tlg001.msA:24.198,"urn:cite:hmt:vaimg.VA314VN-0816@0.462,0.5728,0.432,0.0255"
urn:cts:greekLit:tlg0012.tlg001.msA:24.199,"urn:cite:hmt:vaimg.VA314VN-0816@0.463,0.5908,0.45,0.0278"
urn:cts:greekLit:tlg0012.tlg001.msA:24.200,"urn:cite:hmt:vaimg.VA314VN-0816@0.443,0.6111,0.464,0.0255"
urn:cts:greekLit:tlg0012.tlg001.msA:24.201,"urn:cite:hmt:vaimg.VA314VN-0816@0.456,0.6299,0.454,0.0233"
urn:cts:greekLit:tlg0012.tlg001.msA:24.202,"urn:cite:hmt:vaimg.VA314VN-0816@0.456,0.6404,0.452,0.0323"
urn:cts:greekLit:tlg0012.tlg001.msA:24.203,"urn:cite:hmt:vaimg.VA314VN-0816@0.455,0.6607,0.452,0.0323"
urn:cts:greekLit:tlg0012.tlg001.msA:24.204,"urn:cite:hmt:vaimg.VA314VN-0816@0.454,0.6817,0.452,0.0323"
urn:cts:greekLit:tlg0012.tlg001.msA:24.205,"urn:cite:hmt:vaimg.VA315RN-0485@0.196,0.1877,0.38,0.033"
urn:cts:greekLit:tlg0012.tlg001.msA:24.206,"urn:cite:hmt:vaimg.VA315RN-0485@0.198,0.2125,0.395,0.0263"
urn:cts:greekLit:tlg0012.tlg001.msA:24.207,"urn:cite:hmt:vaimg.VA315RN-0485@0.192,0.232,0.401,0.0278"
urn:cts:greekLit:tlg0012.tlg001.msA:24.208,"urn:cite:hmt:vaimg.VA315RN-0485@0.196,0.25,0.403,0.0255"
urn:cts:greekLit:tlg0012.tlg001.msA:24.209,"urn:cite:hmt:vaimg.VA315RN-0485@0.195,0.2695,0.43,0.0248"
urn:cts:greekLit:tlg0012.tlg001.msA:24.210,"urn:cite:hmt:vaimg.VA315RN-0485@0.19,0.2868,0.427,0.0308"
urn:cts:greekLit:tlg0012.tlg001.msA:24.211,"urn:cite:hmt:vaimg.VA315RN-0485@0.191,0.3071,0.425,0.0293"
urn:cts:greekLit:tlg0012.tlg001.msA:24.212,"urn:cite:hmt:vaimg.VA315RN-0485@0.192,0.3273,0.417,0.0285"
urn:cts:greekLit:tlg0012.tlg001.msA:24.213,"urn:cite:hmt:vaimg.VA315RN-0485@0.195,0.3468,0.411,0.0263"
urn:cts:greekLit:tlg0012.tlg001.msA:24.214,"urn:cite:hmt:vaimg.VA315RN-0485@0.193,0.3664,0.441,0.0285"
urn:cts:greekLit:tlg0012.tlg001.msA:24.215,"urn:cite:hmt:vaimg.VA315RN-0485@0.189,0.3851,0.41,0.0285"
urn:cts:greekLit:tlg0012.tlg001.msA:24.216,"urn:cite:hmt:vaimg.VA315RN-0485@0.195,0.4054,0.4,0.024"
urn:cts:greekLit:tlg0012.tlg001.msA:24.217,"urn:cite:hmt:vaimg.VA315RN-0485@0.189,0.4242,0.448,0.0248"
urn:cts:greekLit:tlg0012.tlg001.msA:24.218,"urn:cite:hmt:vaimg.VA315RN-0485@0.187,0.4422,0.452,0.0263"
urn:cts:greekLit:tlg0012.tlg001.msA:24.219,"urn:cite:hmt:vaimg.VA315RN-0485@0.2,0.461,0.441,0.0278"
urn:cts:greekLit:tlg0012.tlg001.msA:24.220,"urn:cite:hmt:vaimg.VA315RN-0485@0.19,0.4797,0.408,0.0278"
urn:cts:greekLit:tlg0012.tlg001.msA:24.221,"urn:cite:hmt:vaimg.VA315RN-0485@0.193,0.5,0.359,0.0233"
urn:cts:greekLit:tlg0012.tlg001.msA:24.222,"urn:cite:hmt:vaimg.VA315RN-0485@0.19,0.5195,0.422,0.0233"
urn:cts:greekLit:tlg0012.tlg001.msA:24.223,"urn:cite:hmt:vaimg.VA315RN-0485@0.188,0.5375,0.453,0.03"
urn:cts:greekLit:tlg0012.tlg001.msA:24.224,"urn:cite:hmt:vaimg.VA315RN-0485@0.197,0.5563,0.411,0.0278"
urn:cts:greekLit:tlg0012.tlg001.msA:24.225,"urn:cite:hmt:vaimg.VA315RN-0485@0.196,0.5766,0.424,0.027"
urn:cts:greekLit:tlg0012.tlg001.msA:24.226,"urn:cite:hmt:vaimg.VA315RN-0485@0.194,0.5953,0.422,0.0248"
urn:cts:greekLit:tlg0012.tlg001.msA:24.227,"urn:cite:hmt:vaimg.VA315RN-0485@0.193,0.6111,0.414,0.03"
urn:cts:greekLit:tlg0012.tlg001.msA:24.228,"urn:cite:hmt:vaimg.VA315RN-0485@0.19,0.6344,0.428,0.024"
urn:cts:greekLit:tlg0012.tlg001.msA:24.229,"urn:cite:hmt:vaimg.VA315RN-0485@0.187,0.6502,0.436,0.0293"
urn:cts:greekLit:tlg0012.tlg001.msA:24.230,"urn:cite:hmt:vaimg.VA315VN-0817@0.466,0.226,0.433,0.0315"
urn:cts:greekLit:tlg0012.tlg001.msA:24.231,"urn:cite:hmt:vaimg.VA315VN-0817@0.466,0.253,0.433,0.0255"
urn:cts:greekLit:tlg0012.tlg001.msA:24.232,"urn:cite:hmt:vaimg.VA315VN-0817@0.464,0.2725,0.433,0.0255"
urn:cts:greekLit:tlg0012.tlg001.msA:24.233,"urn:cite:hmt:vaimg.VA315VN-0817@0.464,0.292,0.433,0.0255"
urn:cts:greekLit:tlg0012.tlg001.msA:24.234,"urn:cite:hmt:vaimg.VA315VN-0817@0.461,0.3101,0.433,0.0255"
urn:cts:greekLit:tlg0012.tlg001.msA:24.235,"urn:cite:hmt:vaimg.VA315VN-0817@0.464,0.3288,0.433,0.0255"
urn:cts:greekLit:tlg0012.tlg001.msA:24.236,"urn:cite:hmt:vaimg.VA315VN-0817@0.467,0.3476,0.433,0.0255"
urn:cts:greekLit:tlg0012.tlg001.msA:24.237,"urn:cite:hmt:vaimg.VA315VN-0817@0.465,0.3679,0.433,0.0255"
urn:cts:greekLit:tlg0012.tlg001.msA:24.238,"urn:cite:hmt:vaimg.VA315VN-0817@0.464,0.3881,0.437,0.0255"
urn:cts:greekLit:tlg0012.tlg001.msA:24.239,"urn:cite:hmt:vaimg.VA315VN-0817@0.462,0.4047,0.437,0.0255"
urn:cts:greekLit:tlg0012.tlg001.msA:24.240,"urn:cite:hmt:vaimg.VA315VN-0817@0.461,0.4249,0.437,0.0255"
urn:cts:greekLit:tlg0012.tlg001.msA:24.241,"urn:cite:hmt:vaimg.VA315VN-0817@0.453,0.4429,0.451,0.0255"
urn:cts:greekLit:tlg0012.tlg001.msA:24.242,"urn:cite:hmt:vaimg.VA315VN-0817@0.454,0.4632,0.451,0.0255"
urn:cts:greekLit:tlg0012.tlg001.msA:24.243,"urn:cite:hmt:vaimg.VA315VN-0817@0.452,0.4797,0.451,0.0255"
urn:cts:greekLit:tlg0012.tlg001.msA:24.244,"urn:cite:hmt:vaimg.VA315VN-0817@0.452,0.5008,0.451,0.0255"
urn:cts:greekLit:tlg0012.tlg001.msA:24.245,"urn:cite:hmt:vaimg.VA315VN-0817@0.452,0.5203,0.451,0.0255"
urn:cts:greekLit:tlg0012.tlg001.msA:24.246,"urn:cite:hmt:vaimg.VA315VN-0817@0.456,0.5383,0.451,0.0255"
urn:cts:greekLit:tlg0012.tlg001.msA:24.247,"urn:cite:hmt:vaimg.VA315VN-0817@0.459,0.5563,0.451,0.0255"
urn:cts:greekLit:tlg0012.tlg001.msA:24.248,"urn:cite:hmt:vaimg.VA315VN-0817@0.458,0.5781,0.451,0.0255"
urn:cts:greekLit:tlg0012.tlg001.msA:24.249,"urn:cite:hmt:vaimg.VA315VN-0817@0.458,0.5953,0.451,0.0255"
urn:cts:greekLit:tlg0012.tlg001.msA:24.250,"urn:cite:hmt:vaimg.VA315VN-0817@0.456,0.6164,0.451,0.0255"
urn:cts:greekLit:tlg0012.tlg001.msA:24.251,"urn:cite:hmt:vaimg.VA315VN-0817@0.458,0.6329,0.451,0.0255"
urn:cts:greekLit:tlg0012.tlg001.msA:24.252,"urn:cite:hmt:vaimg.VA315VN-0817@0.461,0.6524,0.451,0.0255"
urn:cts:greekLit:tlg0012.tlg001.msA:24.253,"urn:cite:hmt:vaimg.VA315VN-0817@0.463,0.6637,0.455,0.033"
urn:cts:greekLit:tlg0012.tlg001.msA:24.254,"urn:cite:hmt:vaimg.VA315VN-0817@0.467,0.6892,0.449,0.0308"
urn:cts:greekLit:tlg0012.tlg001.msA:24.255,"urn:cite:hmt:vaimg.VA316RN-0486@0.186,0.1779,0.417,0.0248"
urn:cts:greekLit:tlg0012.tlg001.msA:24.256,"urn:cite:hmt:vaimg.VA316RN-0486@0.185,0.1974,0.417,0.0248"
urn:cts:greekLit:tlg0012.tlg001.msA:24.257,"urn:cite:hmt:vaimg.VA316RN-0486@0.183,0.2155,0.417,0.0248"
urn:cts:greekLit:tlg0012.tlg001.msA:24.258,"urn:cite:hmt:vaimg.VA316RN-0486@0.184,0.2357,0.417,0.0248"
urn:cts:greekLit:tlg0012.tlg001.msA:24.259,"urn:cite:hmt:vaimg.VA316RN-0486@0.184,0.2538,0.417,0.0248"
urn:cts:greekLit:tlg0012.tlg001.msA:24.260,"urn:cite:hmt:vaimg.VA316RN-0486@0.183,0.2725,0.432,0.027"
urn:cts:greekLit:tlg0012.tlg001.msA:24.261,"urn:cite:hmt:vaimg.VA316RN-0486@0.182,0.292,0.432,0.027"
urn:cts:greekLit:tlg0012.tlg001.msA:24.262,"urn:cite:hmt:vaimg.VA316RN-0486@0.179,0.3138,0.432,0.027"
urn:cts:greekLit:tlg0012.tlg001.msA:24.263,"urn:cite:hmt:vaimg.VA316RN-0486@0.181,0.3333,0.432,0.027"
urn:cts:greekLit:tlg0012.tlg001.msA:24.264,"urn:cite:hmt:vaimg.VA316RN-0486@0.182,0.3521,0.432,0.027"
urn:cts:greekLit:tlg0012.tlg001.msA:24.265,"urn:cite:hmt:vaimg.VA316RN-0486@0.183,0.3716,0.432,0.027"
urn:cts:greekLit:tlg0012.tlg001.msA:24.280,"urn:cite:hmt:vaimg.VA316VN-0818@0.483,0.214,0.402,0.0338"
urn:cts:greekLit:tlg0012.tlg001.msA:24.281,"urn:cite:hmt:vaimg.VA316VN-0818@0.47,0.2372,0.381,0.027"
urn:cts:greekLit:tlg0012.tlg001.msA:24.282,"urn:cite:hmt:vaimg.VA316VN-0818@0.482,0.259,0.42,0.027"
urn:cts:greekLit:tlg0012.tlg001.msA:24.283,"urn:cite:hmt:vaimg.VA316VN-0818@0.479,0.277,0.394,0.027"
urn:cts:greekLit:tlg0012.tlg001.msA:24.284,"urn:cite:hmt:vaimg.VA316VN-0818@0.477,0.295,0.406,0.027"
urn:cts:greekLit:tlg0012.tlg001.msA:24.285,"urn:cite:hmt:vaimg.VA316VN-0818@0.476,0.3146,0.397,0.027"
urn:cts:greekLit:tlg0012.tlg001.msA:24.286,"urn:cite:hmt:vaimg.VA316VN-0818@0.481,0.3326,0.437,0.0353"
urn:cts:greekLit:tlg0012.tlg001.msA:24.287,"urn:cite:hmt:vaimg.VA316VN-0818@0.481,0.3506,0.407,0.0315"
urn:cts:greekLit:tlg0012.tlg001.msA:24.288,"urn:cite:hmt:vaimg.VA316VN-0818@0.482,0.3679,0.407,0.0345"
urn:cts:greekLit:tlg0012.tlg001.msA:24.289,"urn:cite:hmt:vaimg.VA316VN-0818@0.473,0.3949,0.407,0.0233"
urn:cts:greekLit:tlg0012.tlg001.msA:24.290,"urn:cite:hmt:vaimg.VA316VN-0818@0.475,0.4114,0.399,0.0233"
urn:cts:greekLit:tlg0012.tlg001.msA:24.291,"urn:cite:hmt:vaimg.VA316VN-0818@0.473,0.4317,0.377,0.0233"
urn:cts:greekLit:tlg0012.tlg001.msA:24.292,"urn:cite:hmt:vaimg.VA316VN-0818@0.474,0.4512,0.385,0.0248"
urn:cts:greekLit:tlg0012.tlg001.msA:24.293,"urn:cite:hmt:vaimg.VA316VN-0818@0.474,0.4677,0.426,0.0285"
urn:cts:greekLit:tlg0012.tlg001.msA:24.294,"urn:cite:hmt:vaimg.VA316VN-0818@0.474,0.4887,0.426,0.0285"
urn:cts:greekLit:tlg0012.tlg001.msA:24.295,"urn:cite:hmt:vaimg.VA316VN-0818@0.475,0.5053,0.426,0.0285"
urn:cts:greekLit:tlg0012.tlg001.msA:24.296,"urn:cite:hmt:vaimg.VA316VN-0818@0.478,0.527,0.379,0.0255"
urn:cts:greekLit:tlg0012.tlg001.msA:24.297,"urn:cite:hmt:vaimg.VA316VN-0818@0.477,0.5465,0.409,0.0255"
urn:cts:greekLit:tlg0012.tlg001.msA:24.298,"urn:cite:hmt:vaimg.VA316VN-0818@0.48,0.5661,0.41,0.0263"
urn:cts:greekLit:tlg0012.tlg001.msA:24.299,"urn:cite:hmt:vaimg.VA316VN-0818@0.472,0.5826,0.436,0.0285"
urn:cts:greekLit:tlg0012.tlg001.msA:24.300,"urn:cite:hmt:vaimg.VA316VN-0818@0.474,0.5998,0.421,0.0285"
urn:cts:greekLit:tlg0012.tlg001.msA:24.301,"urn:cite:hmt:vaimg.VA316VN-0818@0.475,0.6239,0.421,0.0285"
urn:cts:greekLit:tlg0012.tlg001.msA:24.302,"urn:cite:hmt:vaimg.VA316VN-0818@0.475,0.6419,0.421,0.0255"
urn:cts:greekLit:tlg0012.tlg001.msA:24.303,"urn:cite:hmt:vaimg.VA316VN-0818@0.468,0.6592,0.426,0.0255"
urn:cts:greekLit:tlg0012.tlg001.msA:24.304,"urn:cite:hmt:vaimg.VA316VN-0818@0.472,0.6757,0.447,0.0293"
urn:cts:greekLit:tlg0012.tlg001.msA:24.305,"urn:cite:hmt:vaimg.VA317RN-0487@0.192,0.1914,0.417,0.033"
urn:cts:greekLit:tlg0012.tlg001.msA:24.306,"urn:cite:hmt:vaimg.VA317RN-0487@0.19,0.214,0.426,0.0263"
urn:cts:greekLit:tlg0012.tlg001.msA:24.307,"urn:cite:hmt:vaimg.VA317RN-0487@0.191,0.2365,0.4,0.0233"
urn:cts:greekLit:tlg0012.tlg001.msA:24.308,"urn:cite:hmt:vaimg.VA317RN-0487@0.178,0.2545,0.418,0.0263"
urn:cts:greekLit:tlg0012.tlg001.msA:24.309,"urn:cite:hmt:vaimg.VA317RN-0487@0.198,0.2725,0.403,0.0233"
urn:cts:greekLit:tlg0012.tlg001.msA:24.310,"urn:cite:hmt:vaimg.VA317RN-0487@0.192,0.289,0.406,0.0293"
urn:cts:greekLit:tlg0012.tlg001.msA:24.311,"urn:cite:hmt:vaimg.VA317RN-0487@0.191,0.3101,0.398,0.0263"
urn:cts:greekLit:tlg0012.tlg001.msA:24.312,"urn:cite:hmt:vaimg.VA317RN-0487@0.191,0.3296,0.412,0.0255"
urn:cts:greekLit:tlg0012.tlg001.msA:24.313,"urn:cite:hmt:vaimg.VA317RN-0487@0.189,0.3468,0.415,0.0248"
urn:cts:greekLit:tlg0012.tlg001.msA:24.314,"urn:cite:hmt:vaimg.VA317RN-0487@0.187,0.3664,0.423,0.0285"
urn:cts:greekLit:tlg0012.tlg001.msA:24.315,"urn:cite:hmt:vaimg.VA317RN-0487@0.188,0.3859,0.405,0.0225"
urn:cts:greekLit:tlg0012.tlg001.msA:24.316,"urn:cite:hmt:vaimg.VA317RN-0487@0.188,0.4039,0.411,0.0233"
urn:cts:greekLit:tlg0012.tlg001.msA:24.317,"urn:cite:hmt:vaimg.VA317RN-0487@0.191,0.4219,0.384,0.0233"
urn:cts:greekLit:tlg0012.tlg001.msA:24.318,"urn:cite:hmt:vaimg.VA317RN-0487@0.188,0.4399,0.345,0.0233"
urn:cts:greekLit:tlg0012.tlg001.msA:24.319,"urn:cite:hmt:vaimg.VA317RN-0487@0.183,0.458,0.43,0.0255"
urn:cts:greekLit:tlg0012.tlg001.msA:24.320,"urn:cite:hmt:vaimg.VA317RN-0487@0.174,0.4752,0.386,0.027"
urn:cts:greekLit:tlg0012.tlg001.msA:24.321,"urn:cite:hmt:vaimg.VA317RN-0487@0.181,0.4955,0.392,0.0263"
urn:cts:greekLit:tlg0012.tlg001.msA:24.322,"urn:cite:hmt:vaimg.VA317RN-0487@0.175,0.5135,0.422,0.0278"
urn:cts:greekLit:tlg0012.tlg001.msA:24.323,"urn:cite:hmt:vaimg.VA317RN-0487@0.175,0.5323,0.426,0.0255"
urn:cts:greekLit:tlg0012.tlg001.msA:24.324,"urn:cite:hmt:vaimg.VA317RN-0487@0.17,0.5526,0.435,0.024"
urn:cts:greekLit:tlg0012.tlg001.msA:24.325,"urn:cite:hmt:vaimg.VA317RN-0487@0.177,0.5713,0.407,0.024"
urn:cts:greekLit:tlg0012.tlg001.msA:24.326,"urn:cite:hmt:vaimg.VA317RN-0487@0.175,0.5878,0.403,0.0255"
urn:cts:greekLit:tlg0012.tlg001.msA:24.327,"urn:cite:hmt:vaimg.VA317RN-0487@0.183,0.6074,0.436,0.0255"
urn:cts:greekLit:tlg0012.tlg001.msA:24.328,"urn:cite:hmt:vaimg.VA317RN-0487@0.186,0.6246,0.406,0.0263"
urn:cts:greekLit:tlg0012.tlg001.msA:24.329,"urn:cite:hmt:vaimg.VA317RN-0487@0.181,0.6434,0.432,0.03"
urn:cts:greekLit:tlg0012.tlg001.msA:24.330,"urn:cite:hmt:vaimg.VA317VN-0819@0.474,0.2335,0.358,0.0218"
urn:cts:greekLit:tlg0012.tlg001.msA:24.331,"urn:cite:hmt:vaimg.VA317VN-0819@0.476,0.2553,0.408,0.024"
urn:cts:greekLit:tlg0012.tlg001.msA:24.332,"urn:cite:hmt:vaimg.VA317VN-0819@0.478,0.274,0.408,0.0263"
urn:cts:greekLit:tlg0012.tlg001.msA:24.333,"urn:cite:hmt:vaimg.VA317VN-0819@0.477,0.2935,0.371,0.0233"
urn:cts:greekLit:tlg0012.tlg001.msA:24.334,"urn:cite:hmt:vaimg.VA317VN-0819@0.472,0.3108,0.387,0.0233"
urn:cts:greekLit:tlg0012.tlg001.msA:24.335,"urn:cite:hmt:vaimg.VA317VN-0819@0.482,0.3311,0.405,0.0233"
urn:cts:greekLit:tlg0012.tlg001.msA:24.336,"urn:cite:hmt:vaimg.VA317VN-0819@0.484,0.3498,0.405,0.0233"
urn:cts:greekLit:tlg0012.tlg001.msA:24.337,"urn:cite:hmt:vaimg.VA317VN-0819@0.48,0.3671,0.378,0.0278"
urn:cts:greekLit:tlg0012.tlg001.msA:24.338,"urn:cite:hmt:vaimg.VA317VN-0819@0.477,0.3874,0.392,0.0248"
urn:cts:greekLit:tlg0012.tlg001.msA:24.339,"urn:cite:hmt:vaimg.VA317VN-0819@0.464,0.4069,0.433,0.0248"
urn:cts:greekLit:tlg0012.tlg001.msA:24.340,"urn:cite:hmt:vaimg.VA317VN-0819@0.481,0.4234,0.415,0.0233"
urn:cts:greekLit:tlg0012.tlg001.msA:24.341,"urn:cite:hmt:vaimg.VA317VN-0819@0.481,0.4422,0.424,0.027"
urn:cts:greekLit:tlg0012.tlg001.msA:24.342,"urn:cite:hmt:vaimg.VA317VN-0819@0.483,0.461,0.402,0.0255"
urn:cts:greekLit:tlg0012.tlg001.msA:24.343,"urn:cite:hmt:vaimg.VA317VN-0819@0.485,0.4767,0.392,0.0255"
urn:cts:greekLit:tlg0012.tlg001.msA:24.344,"urn:cite:hmt:vaimg.VA317VN-0819@0.485,0.4977,0.392,0.0225"
urn:cts:greekLit:tlg0012.tlg001.msA:24.345,"urn:cite:hmt:vaimg.VA317VN-0819@0.481,0.5165,0.423,0.0263"
urn:cts:greekLit:tlg0012.tlg001.msA:24.346,"urn:cite:hmt:vaimg.VA317VN-0819@0.479,0.5338,0.406,0.0263"
urn:cts:greekLit:tlg0012.tlg001.msA:24.347,"urn:cite:hmt:vaimg.VA317VN-0819@0.487,0.5526,0.354,0.0255"
urn:cts:greekLit:tlg0012.tlg001.msA:24.348,"urn:cite:hmt:vaimg.VA317VN-0819@0.485,0.5706,0.402,0.0285"
urn:cts:greekLit:tlg0012.tlg001.msA:24.349,"urn:cite:hmt:vaimg.VA317VN-0819@0.484,0.5893,0.402,0.0285"
urn:cts:greekLit:tlg0012.tlg001.msA:24.350,"urn:cite:hmt:vaimg.VA317VN-0819@0.482,0.6081,0.389,0.0255"
urn:cts:greekLit:tlg0012.tlg001.msA:24.351,"urn:cite:hmt:vaimg.VA317VN-0819@0.482,0.6246,0.425,0.0278"
urn:cts:greekLit:tlg0012.tlg001.msA:24.352,"urn:cite:hmt:vaimg.VA317VN-0819@0.486,0.6419,0.397,0.0338"
urn:cts:greekLit:tlg0012.tlg001.msA:24.353,"urn:cite:hmt:vaimg.VA317VN-0819@0.485,0.6622,0.388,0.027"
urn:cts:greekLit:tlg0012.tlg001.msA:24.354,"urn:cite:hmt:vaimg.VA317VN-0819@0.477,0.6779,0.439,0.0435"
urn:cts:greekLit:tlg0012.tlg001.msA:24.355,"urn:cite:hmt:vaimg.VA318RN-0488@0.185,0.1832,0.395,0.0285"
urn:cts:greekLit:tlg0012.tlg001.msA:24.356,"urn:cite:hmt:vaimg.VA318RN-0488@0.187,0.2042,0.367,0.027"
urn:cts:greekLit:tlg0012.tlg001.msA:24.357,"urn:cite:hmt:vaimg.VA318RN-0488@0.183,0.2275,0.389,0.021"
urn:cts:greekLit:tlg0012.tlg001.msA:24.358,"urn:cite:hmt:vaimg.VA318RN-0488@0.185,0.2485,0.418,0.0218"
urn:cts:greekLit:tlg0012.tlg001.msA:24.359,"urn:cite:hmt:vaimg.VA318RN-0488@0.183,0.265,0.397,0.0248"
urn:cts:greekLit:tlg0012.tlg001.msA:24.360,"urn:cite:hmt:vaimg.VA318RN-0488@0.188,0.2845,0.415,0.0248"
urn:cts:greekLit:tlg0012.tlg001.msA:24.361,"urn:cite:hmt:vaimg.VA318RN-0488@0.178,0.3003,0.376,0.0285"
urn:cts:greekLit:tlg0012.tlg001.msA:24.362,"urn:cite:hmt:vaimg.VA318RN-0488@0.18,0.3213,0.403,0.0248"
urn:cts:greekLit:tlg0012.tlg001.msA:24.363,"urn:cite:hmt:vaimg.VA318RN-0488@0.188,0.3393,0.399,0.0255"
urn:cts:greekLit:tlg0012.tlg001.msA:24.364,"urn:cite:hmt:vaimg.VA318RN-0488@0.188,0.3604,0.384,0.0248"
urn:cts:greekLit:tlg0012.tlg001.msA:24.365,"urn:cite:hmt:vaimg.VA318RN-0488@0.189,0.3784,0.33,0.0263"
urn:cts:greekLit:tlg0012.tlg001.msA:24.366,"urn:cite:hmt:vaimg.VA318RN-0488@0.181,0.3964,0.41,0.0278"
urn:cts:greekLit:tlg0012.tlg001.msA:24.367,"urn:cite:hmt:vaimg.VA318RN-0488@0.182,0.4174,0.397,0.0233"
urn:cts:greekLit:tlg0012.tlg001.msA:24.368,"urn:cite:hmt:vaimg.VA318RN-0488@0.184,0.4339,0.401,0.0233"
urn:cts:greekLit:tlg0012.tlg001.msA:24.369,"urn:cite:hmt:vaimg.VA318RN-0488@0.18,0.452,0.434,0.0248"
urn:cts:greekLit:tlg0012.tlg001.msA:24.370,"urn:cite:hmt:vaimg.VA318RN-0488@0.177,0.47,0.408,0.0263"
urn:cts:greekLit:tlg0012.tlg001.msA:24.371,"urn:cite:hmt:vaimg.VA318RN-0488@0.181,0.4917,0.419,0.0263"
urn:cts:greekLit:tlg0012.tlg001.msA:24.372,"urn:cite:hmt:vaimg.VA318RN-0488@0.179,0.5113,0.427,0.024"
urn:cts:greekLit:tlg0012.tlg001.msA:24.373,"urn:cite:hmt:vaimg.VA318RN-0488@0.175,0.5293,0.411,0.0248"
urn:cts:greekLit:tlg0012.tlg001.msA:24.374,"urn:cite:hmt:vaimg.VA318RN-0488@0.176,0.5488,0.387,0.027"
urn:cts:greekLit:tlg0012.tlg001.msA:24.375,"urn:cite:hmt:vaimg.VA318RN-0488@0.18,0.5706,0.388,0.0225"
urn:cts:greekLit:tlg0012.tlg001.msA:24.376,"urn:cite:hmt:vaimg.VA318RN-0488@0.173,0.5856,0.396,0.03"
urn:cts:greekLit:tlg0012.tlg001.msA:24.377,"urn:cite:hmt:vaimg.VA318RN-0488@0.168,0.6051,0.398,0.0263"
urn:cts:greekLit:tlg0012.tlg001.msA:24.378,"urn:cite:hmt:vaimg.VA318RN-0488@0.169,0.6246,0.415,0.0248"
urn:cts:greekLit:tlg0012.tlg001.msA:24.379,"urn:cite:hmt:vaimg.VA318RN-0488@0.163,0.6449,0.424,0.0233"
urn:cts:greekLit:tlg0012.tlg001.msA:24.380,"urn:cite:hmt:vaimg.VA318VN-0820@0.482,0.22,0.416,0.0413"
urn:cts:greekLit:tlg0012.tlg001.msA:24.381,"urn:cite:hmt:vaimg.VA318VN-0820@0.486,0.241,0.389,0.0293"
urn:cts:greekLit:tlg0012.tlg001.msA:24.382,"urn:cite:hmt:vaimg.VA318VN-0820@0.486,0.2613,0.422,0.0338"
urn:cts:greekLit:tlg0012.tlg001.msA:24.383,"urn:cite:hmt:vaimg.VA318VN-0820@0.491,0.28,0.327,0.0338"
urn:cts:greekLit:tlg0012.tlg001.msA:24.384,"urn:cite:hmt:vaimg.VA318VN-0820@0.487,0.3026,0.378,0.0338"
urn:cts:greekLit:tlg0012.tlg001.msA:24.385,"urn:cite:hmt:vaimg.VA318VN-0820@0.492,0.3206,0.411,0.03"
urn:cts:greekLit:tlg0012.tlg001.msA:24.386,"urn:cite:hmt:vaimg.VA318VN-0820@0.488,0.3386,0.42,0.03"
urn:cts:greekLit:tlg0012.tlg001.msA:24.387,"urn:cite:hmt:vaimg.VA318VN-0820@0.487,0.3596,0.398,0.0338"
urn:cts:greekLit:tlg0012.tlg001.msA:24.388,"urn:cite:hmt:vaimg.VA318VN-0820@0.486,0.3769,0.423,0.0278"
urn:cts:greekLit:tlg0012.tlg001.msA:24.389,"urn:cite:hmt:vaimg.VA318VN-0820@0.49,0.3979,0.423,0.0323"
urn:cts:greekLit:tlg0012.tlg001.msA:24.390,"urn:cite:hmt:vaimg.VA318VN-0820@0.486,0.4159,0.423,0.0323"
urn:cts:greekLit:tlg0012.tlg001.msA:24.391,"urn:cite:hmt:vaimg.VA318VN-0820@0.486,0.4347,0.423,0.0323"
urn:cts:greekLit:tlg0012.tlg001.msA:24.392,"urn:cite:hmt:vaimg.VA318VN-0820@0.492,0.4572,0.423,0.0248"
urn:cts:greekLit:tlg0012.tlg001.msA:24.393,"urn:cite:hmt:vaimg.VA318VN-0820@0.487,0.4737,0.394,0.0248"
urn:cts:greekLit:tlg0012.tlg001.msA:24.394,"urn:cite:hmt:vaimg.VA318VN-0820@0.484,0.4902,0.422,0.0308"
urn:cts:greekLit:tlg0012.tlg001.msA:24.395,"urn:cite:hmt:vaimg.VA318VN-0820@0.488,0.5105,0.373,0.0285"
urn:cts:greekLit:tlg0012.tlg001.msA:24.396,"urn:cite:hmt:vaimg.VA318VN-0820@0.483,0.53,0.419,0.0285"
urn:cts:greekLit:tlg0012.tlg001.msA:24.397,"urn:cite:hmt:vaimg.VA318VN-0820@0.492,0.5495,0.419,0.0285"
urn:cts:greekLit:tlg0012.tlg001.msA:24.398,"urn:cite:hmt:vaimg.VA318VN-0820@0.49,0.5676,0.422,0.0285"
urn:cts:greekLit:tlg0012.tlg001.msA:24.399,"urn:cite:hmt:vaimg.VA318VN-0820@0.486,0.5871,0.387,0.0285"
urn:cts:greekLit:tlg0012.tlg001.msA:24.400,"urn:cite:hmt:vaimg.VA318VN-0820@0.492,0.6021,0.426,0.0353"
urn:cts:greekLit:tlg0012.tlg001.msA:24.401,"urn:cite:hmt:vaimg.VA318VN-0820@0.489,0.6239,0.391,0.0263"
urn:cts:greekLit:tlg0012.tlg001.msA:24.402,"urn:cite:hmt:vaimg.VA318VN-0820@0.49,0.6426,0.391,0.0278"
urn:cts:greekLit:tlg0012.tlg001.msA:24.403,"urn:cite:hmt:vaimg.VA318VN-0820@0.489,0.6599,0.41,0.0278"
urn:cts:greekLit:tlg0012.tlg001.msA:24.404,"urn:cite:hmt:vaimg.VA318VN-0820@0.487,0.6794,0.419,0.0293"
urn:cts:greekLit:tlg0012.tlg001.msA:24.405,"urn:cite:hmt:vaimg.VA319RN-0489@0.199,0.2042,0.332,0.027"
urn:cts:greekLit:tlg0012.tlg001.msA:24.406,"urn:cite:hmt:vaimg.VA319RN-0489@0.195,0.226,0.332,0.021"
urn:cts:greekLit:tlg0012.tlg001.msA:24.407,"urn:cite:hmt:vaimg.VA319RN-0489@0.193,0.241,0.332,0.021"
urn:cts:greekLit:tlg0012.tlg001.msA:24.408,"urn:cite:hmt:vaimg.VA319RN-0489@0.19,0.2583,0.332,0.021"
urn:cts:greekLit:tlg0012.tlg001.msA:24.409,"urn:cite:hmt:vaimg.VA319RN-0489@0.209,0.2755,0.332,0.021"
urn:cts:greekLit:tlg0012.tlg001.msA:24.410,"urn:cite:hmt:vaimg.VA319RN-0489@0.196,0.295,0.332,0.021"
urn:cts:greekLit:tlg0012.tlg001.msA:24.411,"urn:cite:hmt:vaimg.VA319RN-0489@0.193,0.3108,0.332,0.021"
urn:cts:greekLit:tlg0012.tlg001.msA:24.412,"urn:cite:hmt:vaimg.VA319RN-0489@0.193,0.3288,0.332,0.021"
urn:cts:greekLit:tlg0012.tlg001.msA:24.413,"urn:cite:hmt:vaimg.VA319RN-0489@0.191,0.3453,0.332,0.021"
urn:cts:greekLit:tlg0012.tlg001.msA:24.414,"urn:cite:hmt:vaimg.VA319RN-0489@0.208,0.3649,0.34,0.021"
urn:cts:greekLit:tlg0012.tlg001.msA:24.415,"urn:cite:hmt:vaimg.VA319RN-0489@0.203,0.3821,0.34,0.021"
urn:cts:greekLit:tlg0012.tlg001.msA:24.416,"urn:cite:hmt:vaimg.VA319RN-0489@0.202,0.3994,0.34,0.021"
urn:cts:greekLit:tlg0012.tlg001.msA:24.417,"urn:cite:hmt:vaimg.VA319RN-0489@0.202,0.4182,0.34,0.021"
urn:cts:greekLit:tlg0012.tlg001.msA:24.418,"urn:cite:hmt:vaimg.VA319RN-0489@0.203,0.4362,0.34,0.021"
urn:cts:greekLit:tlg0012.tlg001.msA:24.419,"urn:cite:hmt:vaimg.VA319RN-0489@0.202,0.4542,0.34,0.021"
urn:cts:greekLit:tlg0012.tlg001.msA:24.420,"urn:cite:hmt:vaimg.VA319RN-0489@0.202,0.473,0.34,0.021"
urn:cts:greekLit:tlg0012.tlg001.msA:24.421,"urn:cite:hmt:vaimg.VA319RN-0489@0.204,0.488,0.34,0.021"
urn:cts:greekLit:tlg0012.tlg001.msA:24.422,"urn:cite:hmt:vaimg.VA319RN-0489@0.191,0.5045,0.34,0.021"
urn:cts:greekLit:tlg0012.tlg001.msA:24.423,"urn:cite:hmt:vaimg.VA319RN-0489@0.204,0.524,0.344,0.021"
urn:cts:greekLit:tlg0012.tlg001.msA:24.424,"urn:cite:hmt:vaimg.VA319RN-0489@0.186,0.5413,0.344,0.021"
urn:cts:greekLit:tlg0012.tlg001.msA:24.425,"urn:cite:hmt:vaimg.VA319RN-0489@0.203,0.5593,0.358,0.021"
urn:cts:greekLit:tlg0012.tlg001.msA:24.426,"urn:cite:hmt:vaimg.VA319RN-0489@0.2,0.5766,0.358,0.021"
urn:cts:greekLit:tlg0012.tlg001.msA:24.427,"urn:cite:hmt:vaimg.VA319RN-0489@0.197,0.5968,0.358,0.021"
urn:cts:greekLit:tlg0012.tlg001.msA:24.428,"urn:cite:hmt:vaimg.VA319RN-0489@0.197,0.6134,0.358,0.021"
urn:cts:greekLit:tlg0012.tlg001.msA:24.429,"urn:cite:hmt:vaimg.VA319RN-0489@0.187,0.6276,0.361,0.0233"
urn:cts:greekLit:tlg0012.tlg001.msA:24.430,"urn:cite:hmt:vaimg.VA319VN-0821@0.482,0.2455,0.299,0.0218"
urn:cts:greekLit:tlg0012.tlg001.msA:24.431,"urn:cite:hmt:vaimg.VA319VN-0821@0.481,0.2605,0.323,0.0218"
urn:cts:greekLit:tlg0012.tlg001.msA:24.432,"urn:cite:hmt:vaimg.VA319VN-0821@0.47,0.2793,0.331,0.0218"
urn:cts:greekLit:tlg0012.tlg001.msA:24.433,"urn:cite:hmt:vaimg.VA319VN-0821@0.483,0.2958,0.338,0.0218"
urn:cts:greekLit:tlg0012.tlg001.msA:24.434,"urn:cite:hmt:vaimg.VA319VN-0821@0.481,0.3168,0.343,0.0218"
urn:cts:greekLit:tlg0012.tlg001.msA:24.435,"urn:cite:hmt:vaimg.VA319VN-0821@0.478,0.3318,0.343,0.0218"
urn:cts:greekLit:tlg0012.tlg001.msA:24.436,"urn:cite:hmt:vaimg.VA319VN-0821@0.476,0.3483,0.343,0.0218"
urn:cts:greekLit:tlg0012.tlg001.msA:24.437,"urn:cite:hmt:vaimg.VA319VN-0821@0.481,0.3656,0.351,0.0218"
urn:cts:greekLit:tlg0012.tlg001.msA:24.438,"urn:cite:hmt:vaimg.VA319VN-0821@0.479,0.3836,0.351,0.0218"
urn:cts:greekLit:tlg0012.tlg001.msA:24.439,"urn:cite:hmt:vaimg.VA319VN-0821@0.475,0.4024,0.351,0.0218"
urn:cts:greekLit:tlg0012.tlg001.msA:24.440,"urn:cite:hmt:vaimg.VA319VN-0821@0.467,0.4212,0.322,0.0218"
urn:cts:greekLit:tlg0012.tlg001.msA:24.441,"urn:cite:hmt:vaimg.VA319VN-0821@0.484,0.4362,0.322,0.0218"
urn:cts:greekLit:tlg0012.tlg001.msA:24.442,"urn:cite:hmt:vaimg.VA319VN-0821@0.482,0.4542,0.322,0.0218"
urn:cts:greekLit:tlg0012.tlg001.msA:24.443,"urn:cite:hmt:vaimg.VA319VN-0821@0.462,0.4707,0.322,0.0218"
urn:cts:greekLit:tlg0012.tlg001.msA:24.444,"urn:cite:hmt:vaimg.VA319VN-0821@0.48,0.4895,0.322,0.0218"
urn:cts:greekLit:tlg0012.tlg001.msA:24.445,"urn:cite:hmt:vaimg.VA319VN-0821@0.481,0.5068,0.334,0.0218"
urn:cts:greekLit:tlg0012.tlg001.msA:24.446,"urn:cite:hmt:vaimg.VA319VN-0821@0.48,0.5255,0.334,0.0218"
urn:cts:greekLit:tlg0012.tlg001.msA:24.447,"urn:cite:hmt:vaimg.VA319VN-0821@0.48,0.5398,0.341,0.024"
urn:cts:greekLit:tlg0012.tlg001.msA:24.448,"urn:cite:hmt:vaimg.VA319VN-0821@0.466,0.5563,0.341,0.024"
urn:cts:greekLit:tlg0012.tlg001.msA:24.449,"urn:cite:hmt:vaimg.VA319VN-0821@0.483,0.5773,0.341,0.024"
urn:cts:greekLit:tlg0012.tlg001.msA:24.450,"urn:cite:hmt:vaimg.VA319VN-0821@0.48,0.5953,0.359,0.024"
urn:cts:greekLit:tlg0012.tlg001.msA:24.451,"urn:cite:hmt:vaimg.VA319VN-0821@0.471,0.6119,0.359,0.024"
urn:cts:greekLit:tlg0012.tlg001.msA:24.452,"urn:cite:hmt:vaimg.VA319VN-0821@0.473,0.6299,0.359,0.024"
urn:cts:greekLit:tlg0012.tlg001.msA:24.453,"urn:cite:hmt:vaimg.VA319VN-0821@0.473,0.6464,0.373,0.0255"
urn:cts:greekLit:tlg0012.tlg001.msA:24.454,"urn:cite:hmt:vaimg.VA319VN-0821@0.472,0.6629,0.373,0.0255"
urn:cts:greekLit:tlg0012.tlg001.msA:24.455,"urn:cite:hmt:vaimg.VA320RN-0490@0.197,0.1989,0.336,0.0255"
urn:cts:greekLit:tlg0012.tlg001.msA:24.456,"urn:cite:hmt:vaimg.VA320RN-0490@0.202,0.2207,0.321,0.0233"
urn:cts:greekLit:tlg0012.tlg001.msA:24.457,"urn:cite:hmt:vaimg.VA320RN-0490@0.202,0.2207,0.321,0.0233"
urn:cts:greekLit:tlg0012.tlg001.msA:24.458,"urn:cite:hmt:vaimg.VA320RN-0490@0.193,0.2357,0.328,0.0248"
urn:cts:greekLit:tlg0012.tlg001.msA:24.459,"urn:cite:hmt:vaimg.VA320RN-0490@0.206,0.2538,0.296,0.0233"
urn:cts:greekLit:tlg0012.tlg001.msA:24.460,"urn:cite:hmt:vaimg.VA320RN-0490@0.2,0.2703,0.314,0.0233"
urn:cts:greekLit:tlg0012.tlg001.msA:24.461,"urn:cite:hmt:vaimg.VA320RN-0490@0.194,0.2883,0.314,0.0233"
urn:cts:greekLit:tlg0012.tlg001.msA:24.462,"urn:cite:hmt:vaimg.VA320RN-0490@0.206,0.3056,0.338,0.0233"
urn:cts:greekLit:tlg0012.tlg001.msA:24.463,"urn:cite:hmt:vaimg.VA320RN-0490@0.202,0.3228,0.318,0.0233"
urn:cts:greekLit:tlg0012.tlg001.msA:24.464,"urn:cite:hmt:vaimg.VA320RN-0490@0.204,0.3416,0.298,0.0233"
urn:cts:greekLit:tlg0012.tlg001.msA:24.465,"urn:cite:hmt:vaimg.VA320RN-0490@0.204,0.3604,0.335,0.0233"
urn:cts:greekLit:tlg0012.tlg001.msA:24.466,"urn:cite:hmt:vaimg.VA320RN-0490@0.205,0.3776,0.297,0.0233"
urn:cts:greekLit:tlg0012.tlg001.msA:24.467,"urn:cite:hmt:vaimg.VA320RN-0490@0.206,0.3949,0.318,0.0233"
urn:cts:greekLit:tlg0012.tlg001.msA:24.468,"urn:cite:hmt:vaimg.VA320RN-0490@0.199,0.4144,0.327,0.0233"
urn:cts:greekLit:tlg0012.tlg001.msA:24.469,"urn:cite:hmt:vaimg.VA320RN-0490@0.188,0.4302,0.351,0.0233"
urn:cts:greekLit:tlg0012.tlg001.msA:24.470,"urn:cite:hmt:vaimg.VA320RN-0490@0.203,0.4489,0.337,0.0233"
urn:cts:greekLit:tlg0012.tlg001.msA:24.471,"urn:cite:hmt:vaimg.VA320RN-0490@0.197,0.4647,0.341,0.0233"
urn:cts:greekLit:tlg0012.tlg001.msA:24.472,"urn:cite:hmt:vaimg.VA320RN-0490@0.201,0.4827,0.348,0.0233"
urn:cts:greekLit:tlg0012.tlg001.msA:24.473,"urn:cite:hmt:vaimg.VA320RN-0490@0.204,0.4992,0.348,0.0233"
urn:cts:greekLit:tlg0012.tlg001.msA:24.474,"urn:cite:hmt:vaimg.VA320RN-0490@0.203,0.5188,0.357,0.0233"
urn:cts:greekLit:tlg0012.tlg001.msA:24.475,"urn:cite:hmt:vaimg.VA320RN-0490@0.203,0.5338,0.322,0.0233"
urn:cts:greekLit:tlg0012.tlg001.msA:24.476,"urn:cite:hmt:vaimg.VA320RN-0490@0.206,0.5526,0.354,0.0233"
urn:cts:greekLit:tlg0012.tlg001.msA:24.477,"urn:cite:hmt:vaimg.VA320RN-0490@0.203,0.5706,0.336,0.0233"
urn:cts:greekLit:tlg0012.tlg001.msA:24.478,"urn:cite:hmt:vaimg.VA320RN-0490@0.201,0.5863,0.367,0.0263"
urn:cts:greekLit:tlg0012.tlg001.msA:24.479,"urn:cite:hmt:vaimg.VA320RN-0490@0.202,0.6231,0.368,0.0263"
urn:cts:greekLit:tlg0012.tlg001.msA:24.480,"urn:cite:hmt:vaimg.VA320VN-0822@0.462,0.241,0.347,0.0233"
urn:cts:greekLit:tlg0012.tlg001.msA:24.481,"urn:cite:hmt:vaimg.VA320VN-0822@0.482,0.2598,0.29,0.0233"
urn:cts:greekLit:tlg0012.tlg001.msA:24.482,"urn:cite:hmt:vaimg.VA320VN-0822@0.483,0.277,0.337,0.0233"
urn:cts:greekLit:tlg0012.tlg001.msA:24.483,"urn:cite:hmt:vaimg.VA320VN-0822@0.466,0.2935,0.345,0.0233"
urn:cts:greekLit:tlg0012.tlg001.msA:24.484,"urn:cite:hmt:vaimg.VA320VN-0822@0.482,0.3116,0.326,0.021"
urn:cts:greekLit:tlg0012.tlg001.msA:24.485,"urn:cite:hmt:vaimg.VA320VN-0822@0.481,0.3273,0.344,0.024"
urn:cts:greekLit:tlg0012.tlg001.msA:24.486,"urn:cite:hmt:vaimg.VA320VN-0822@0.458,0.3476,0.344,0.024"
urn:cts:greekLit:tlg0012.tlg001.msA:24.487,"urn:cite:hmt:vaimg.VA320VN-0822@0.483,0.3641,0.339,0.0218"
urn:cts:greekLit:tlg0012.tlg001.msA:24.488,"urn:cite:hmt:vaimg.VA320VN-0822@0.477,0.3821,0.329,0.0218"
urn:cts:greekLit:tlg0012.tlg001.msA:24.489,"urn:cite:hmt:vaimg.VA320VN-0822@0.479,0.4009,0.35,0.0218"
urn:cts:greekLit:tlg0012.tlg001.msA:24.490,"urn:cite:hmt:vaimg.VA320VN-0822@0.469,0.4189,0.311,0.0218"
urn:cts:greekLit:tlg0012.tlg001.msA:24.491,"urn:cite:hmt:vaimg.VA320VN-0822@0.481,0.4339,0.349,0.0248"
urn:cts:greekLit:tlg0012.tlg001.msA:24.492,"urn:cite:hmt:vaimg.VA320VN-0822@0.478,0.4527,0.303,0.0248"
urn:cts:greekLit:tlg0012.tlg001.msA:24.493,"urn:cite:hmt:vaimg.VA320VN-0822@0.48,0.47,0.35,0.0218"
urn:cts:greekLit:tlg0012.tlg001.msA:24.494,"urn:cite:hmt:vaimg.VA320VN-0822@0.476,0.4872,0.35,0.0218"
urn:cts:greekLit:tlg0012.tlg001.msA:24.495,"urn:cite:hmt:vaimg.VA320VN-0822@0.473,0.5045,0.35,0.0233"
urn:cts:greekLit:tlg0012.tlg001.msA:24.496,"urn:cite:hmt:vaimg.VA320VN-0822@0.478,0.5218,0.328,0.0233"
urn:cts:greekLit:tlg0012.tlg001.msA:24.497,"urn:cite:hmt:vaimg.VA320VN-0822@0.477,0.5398,0.355,0.0233"
urn:cts:greekLit:tlg0012.tlg001.msA:24.498,"urn:cite:hmt:vaimg.VA320VN-0822@0.476,0.5563,0.362,0.0233"
urn:cts:greekLit:tlg0012.tlg001.msA:24.499,"urn:cite:hmt:vaimg.VA320VN-0822@0.477,0.5743,0.342,0.0233"
urn:cts:greekLit:tlg0012.tlg001.msA:24.500,"urn:cite:hmt:vaimg.VA320VN-0822@0.478,0.5916,0.37,0.0233"
urn:cts:greekLit:tlg0012.tlg001.msA:24.501,"urn:cite:hmt:vaimg.VA320VN-0822@0.478,0.6104,0.352,0.0233"
urn:cts:greekLit:tlg0012.tlg001.msA:24.502,"urn:cite:hmt:vaimg.VA320VN-0822@0.477,0.6276,0.37,0.0233"
urn:cts:greekLit:tlg0012.tlg001.msA:24.503,"urn:cite:hmt:vaimg.VA320VN-0822@0.453,0.6449,0.341,0.0248"
urn:cts:greekLit:tlg0012.tlg001.msA:24.504,"urn:cite:hmt:vaimg.VA320VN-0822@0.472,0.6607,0.39,0.0278"
urn:cts:greekLit:tlg0012.tlg001.msA:24.505,"urn:cite:hmt:vaimg.VA321RN-0491@0.161,0.1892,0.419,0.03"
urn:cts:greekLit:tlg0012.tlg001.msA:24.506,"urn:cite:hmt:vaimg.VA321RN-0491@0.159,0.214,0.419,0.03"
urn:cts:greekLit:tlg0012.tlg001.msA:24.507,"urn:cite:hmt:vaimg.VA321RN-0491@0.15,0.2357,0.427,0.03"
urn:cts:greekLit:tlg0012.tlg001.msA:24.508,"urn:cite:hmt:vaimg.VA321RN-0491@0.164,0.2545,0.406,0.03"
urn:cts:greekLit:tlg0012.tlg001.msA:24.509,"urn:cite:hmt:vaimg.VA321RN-0491@0.158,0.2763,0.426,0.0255"
urn:cts:greekLit:tlg0012.tlg001.msA:24.510,"urn:cite:hmt:vaimg.VA321RN-0491@0.159,0.2905,0.437,0.0285"
urn:cts:greekLit:tlg0012.tlg001.msA:24.511,"urn:cite:hmt:vaimg.VA321RN-0491@0.164,0.3108,0.437,0.0285"
urn:cts:greekLit:tlg0012.tlg001.msA:24.512,"urn:cite:hmt:vaimg.VA321RN-0491@0.16,0.3303,0.437,0.0285"
urn:cts:greekLit:tlg0012.tlg001.msA:24.513,"urn:cite:hmt:vaimg.VA321RN-0491@0.161,0.3514,0.39,0.0285"
urn:cts:greekLit:tlg0012.tlg001.msA:24.514,"urn:cite:hmt:vaimg.VA321RN-0491@0.162,0.3679,0.438,0.033"
urn:cts:greekLit:tlg0012.tlg001.msA:24.515,"urn:cite:hmt:vaimg.VA321RN-0491@0.16,0.3874,0.438,0.027"
urn:cts:greekLit:tlg0012.tlg001.msA:24.516,"urn:cite:hmt:vaimg.VA321RN-0491@0.16,0.4069,0.413,0.027"
urn:cts:greekLit:tlg0012.tlg001.msA:24.517,"urn:cite:hmt:vaimg.VA321RN-0491@0.158,0.4272,0.425,0.027"
urn:cts:greekLit:tlg0012.tlg001.msA:24.518,"urn:cite:hmt:vaimg.VA321RN-0491@0.153,0.4444,0.452,0.027"
urn:cts:greekLit:tlg0012.tlg001.msA:24.519,"urn:cite:hmt:vaimg.VA321RN-0491@0.159,0.464,0.394,0.0285"
urn:cts:greekLit:tlg0012.tlg001.msA:24.520,"urn:cite:hmt:vaimg.VA321RN-0491@0.158,0.479,0.429,0.0323"
urn:cts:greekLit:tlg0012.tlg001.msA:24.521,"urn:cite:hmt:vaimg.VA321RN-0491@0.158,0.5038,0.378,0.0293"
urn:cts:greekLit:tlg0012.tlg001.msA:24.522,"urn:cite:hmt:vaimg.VA321RN-0491@0.158,0.5188,0.444,0.0323"
urn:cts:greekLit:tlg0012.tlg001.msA:24.523,"urn:cite:hmt:vaimg.VA321RN-0491@0.162,0.542,0.444,0.0323"
urn:cts:greekLit:tlg0012.tlg001.msA:24.524,"urn:cite:hmt:vaimg.VA321RN-0491@0.163,0.5616,0.382,0.0323"
urn:cts:greekLit:tlg0012.tlg001.msA:24.525,"urn:cite:hmt:vaimg.VA321RN-0491@0.157,0.5811,0.388,0.027"
urn:cts:greekLit:tlg0012.tlg001.msA:24.526,"urn:cite:hmt:vaimg.VA321RN-0491@0.154,0.6006,0.388,0.027"
urn:cts:greekLit:tlg0012.tlg001.msA:24.527,"urn:cite:hmt:vaimg.VA321RN-0491@0.155,0.6186,0.415,0.027"
urn:cts:greekLit:tlg0012.tlg001.msA:24.528,"urn:cite:hmt:vaimg.VA321RN-0491@0.157,0.6351,0.397,0.027"
urn:cts:greekLit:tlg0012.tlg001.msA:24.529,"urn:cite:hmt:vaimg.VA321RN-0491@0.159,0.6539,0.405,0.0323"

